Titulo;Diretores;Nota;Duração;Ano;Gênero;Número de votos;url
O chamado 1;Joe Russo;10.0;120;2023;Terror;50;www.chamado.com.br
O chamado 2;Joe Russo;10.0;120;2023;Terror;50;www.chamado.com.br
O chamado 3;Joe Russo;10.0;120;2023;Terror;50;www.chamado.com.br
O chamado 4;Joe Russo;10.0;120;2023;Terror;50;www.chamado.com.br
O chamado 5;Joe Russo;10.0;120;2023;Terror;50;www.chamado.com.br
O chamado 6;Joe Russo;10.0;120;2023;Terror;50;www.chamado.com.br
O chamado 7;Joe Russo;10.0;120;2023;Terror;50;www.chamado.com.br
O chamado 8;Joe Russo;10.0;120;2023;Terror;50;www.chamado.com.br
O chamado 9;Joe Russo;10.0;120;2023;Terror;50;www.chamado.com.br
